Name,ID,Fold
Learn your ABCs: Kids Alphabet,IAL0OzsNGJM,Basics
How to Write the ABCs: Capital  Lowercase,_fTeS5-rQBQ,Basics
Lets Learn About the Four Seasons - Spring Summer Fall and Winter,D6yQ8-M8rmU,Advance
01 Welcome to Arithmetic,-CtVTRgyWEI,Math
02 Arithmetic: Intro to Addition,1Sco_XzEeh4,Math
03 Arithmetic: Commutative Property of Addition,Zj3pJOJTziM,Math
04 Arithmetic: Associative Property of Addition,OB_AS61L3jI,Math
05 Arithmetic: Introduction to Subtraction,wtvRyA9s_9M,Math
06 Arithmetic: What are Integers,hZ6WEatAfjI,Math
07 Arithmetic: What is the symbol for Integers,yNT-W6ndBNs,Math
08 Arithmetic: Introduction to Multiplication,Qi5ATIWFblA,Math
09 Arithmetic: More about Multiplication!,KsC1GubG9q4,Math
10 Arithmetic: Multiplication Symbols,G5qZOLnEpD4,Math
11 Arithmetic: The Associative Property of Multiplication,JrUKAvp8HVM,Math
12 Arithmetic: What are exponents,RKRIQOXAHNY,Math
13 Arithmetic: Introduction to Division,lXLX-QEZ1uE,Math
14 Arithmetic: Division Symbols,pSctsEAUaos,Math
15 Arithmetic: What is a Quotient Division,FpqP2pRFrjs,Math
16 Arithmetic: What is a Divisor (or a Factor)?,7zrpZ7qe6FA,Math
17 Arithmetic: More Practice with Division,6AxC26ykrw0,Math
18 Arithmetic: What is zero? (Kids),EQUUa74b2Fw,Math
19 Arithmetic: Multiply before Adding,-roClo221r8,Math
20 Arithmetic: How do you use Parentheses?,3jN7wEtxs7I,Math
01 TO or FOR? Prepositions in English,E3gvjrh5_TY,English
02 Learn English: BY or WITH?,J0FDlPkWGDs,English
03 Between or Among?,RnJJqfu6i8U,English
04 6 tips for dealing with speaking anxiety,QhJLLGuJCQ8,English
05 Speaking English: WHILE or MEANWHILE?,EofcMDlVNIk,English
06 How to express opposing ideas in English: despite although nevertheless in spite of,UFuxlnUeGmg,English
07 Writing - Transitions - in addition moreover furthermore another,IsDR3XEv50E,English
08 How to use first next last after that finally,-HutuMqTAPw,English 
09 How to increase your vocabulary,53SIKuCuHv0,English
10 The Secret to Remembering Vocabulary,FNYNcCZpa9M,English
01 Introduction to French in 30 Minutes - How to Read Write and Speak,Ybe89Q4t1ew,French
02 Learn French in 25 Minutes - ALL the Basics You Need,ujDtm0hZyII,French
03 Learn French Pronunciation in 12 Minutes,4PvBkp-4bmc,French
